﻿<?xml version="1.0" encoding="UTF-8" standalone="yes"?>
<document xmlns="http://www.abbyy.com/FineReader_xml/FineReader10-schema-v1.xml" version="1.0" producer="" languages="" xmlns:xsi="http://www.w3.org/2001/XMLSchema-instance" xsi:schemaLocation="http://www.abbyy.com/FineReader_xml/FineReader10-schema-v1.xml http://www.abbyy.com/FineReader_xml/FineReader10-schema-v1.xml">
<page width="1727" height="2444" resolution="418" originalCoords="1">
<block blockType="Text" l="29" t="0" r="323" b="31"><region><rect l="29" t="0" r="323" b="31"/></region>
<text>
<par lineSpacing="1020">
<line baseline="53" l="34" t="4" r="319" b="27"><formatting lang="EnglishUnitedStates" ff="Courier New" fs="9." bold="1">15-Mar-2018 16:55</formatting></line></par>
</text>
</block>
<block blockType="Text" l="1196" t="0" r="1378" b="31"><region><rect l="1196" t="0" r="1378" b="31"/></region>
<text>
<par lineSpacing="1020">
<line baseline="53" l="1201" t="5" r="1374" b="27"><formatting lang="EnglishUnitedStates" ff="Courier New" fs="9." bold="1">15102552875</formatting></line></par>
</text>
</block>
<block blockType="Text" l="1580" t="0" r="1634" b="38"><region><rect l="1580" t="0" r="1634" b="38"/></region>
<text>
<par lineSpacing="1220">
<line baseline="58" l="1584" t="5" r="1630" b="34"><formatting lang="EnglishUnitedStates" ff="Times New Roman" fs="11." spacing="30">P-2</formatting></line></par>
</text>
</block>
<block blockType="Text" l="246" t="238" r="270" b="637"><region><rect l="246" t="238" r="270" b="637"/></region>
<text>
<par lineSpacing="1220">
<line baseline="534" l="255" t="242" r="262" b="267"><formatting lang="EnglishUnitedStates" ff="Times New Roman" fs="11.">1</formatting></line></par>
<par lineSpacing="2515">
<line baseline="682" l="251" t="315" r="265" b="341"><formatting lang="EnglishUnitedStates" ff="Times New Roman" fs="13." bold="1">2</formatting></line></par>
<par lineSpacing="2515">
<line baseline="828" l="252" t="388" r="265" b="414"><formatting lang="EnglishUnitedStates" ff="Times New Roman" fs="13.">3</formatting></line></par>
<par lineSpacing="2515">
<line baseline="974" l="250" t="461" r="266" b="487"><formatting lang="EnglishUnitedStates" ff="Times New Roman" fs="11.">4</formatting></line></par>
<par lineSpacing="2515">
<line baseline="1120" l="252" t="535" r="265" b="560"><formatting lang="EnglishUnitedStates" ff="Times New Roman" fs="11.">5</formatting></line></par>
<par lineSpacing="2515">
<line baseline="1266" l="251" t="607" r="266" b="633"><formatting lang="EnglishUnitedStates" ff="Times New Roman" fs="12.">6</formatting></line></par>
</text>
</block>
<block blockType="Text" l="311" t="241" r="812" b="613"><region><rect l="311" t="241" r="812" b="613"/></region>
<text>
<par align="Justified" lineSpacing="1481">
<line baseline="544" l="316" t="246" r="808" b="279"><formatting lang="EnglishUnitedStates" ff="Times New Roman" fs="11.">ARTHUR W. LAZEAR (SB 083603)</formatting></line>
<line baseline="629" l="316" t="287" r="657" b="323"><formatting lang="EnglishUnitedStates" ff="Times New Roman" fs="11.">(arthur@iazearmack.com)</formatting></line></par>
<par align="Justified" lineSpacing="1481">
<line baseline="714" l="317" t="331" r="786" b="364"><formatting lang="EnglishUnitedStates" ff="Times New Roman" fs="11.">MORGAN M. MACK (SB 212659)</formatting></line></par>
<par align="Justified" lineSpacing="1481">
<line baseline="795" l="316" t="371" r="678" b="406"><formatting lang="EnglishUnitedStates" ff="Times New Roman" fs="11.">(morgan@lazeannack.com)</formatting></line></par>
<par align="Justified" lineSpacing="1481">
<line baseline="880" l="317" t="414" r="634" b="441"><formatting lang="EnglishUnitedStates" ff="Times New Roman" fs="11." bold="1">LAZEAR MACK LLP</formatting></line></par>
<par align="Justified" lineSpacing="1481">
<line baseline="967" l="316" t="450" r="720" b="484"><formatting lang="EnglishUnitedStates" ff="Times New Roman" fs="11.">436 14</formatting><formatting lang="EnglishUnitedStates" ff="Times New Roman" fs="11." superscript="1">$h</formatting><formatting lang="EnglishUnitedStates" ff="Times New Roman" fs="11."> STREET SUITE 1117</formatting></line></par>
<par align="Justified" lineSpacing="1481">
<line baseline="1050" l="318" t="499" r="618" b="526"><formatting lang="EnglishUnitedStates" ff="Times New Roman" fs="11.">OAKLAND CA 94612</formatting></line></par>
<par align="Justified" lineSpacing="1481">
<line baseline="1134" l="318" t="541" r="550" b="576"><formatting lang="EnglishUnitedStates" ff="Times New Roman" fs="11.">ph: 510-735-6316</formatting></line></par>
<par align="Justified" lineSpacing="1481">
<line baseline="1217" l="318" t="582" r="558" b="609"><formatting lang="EnglishUnitedStates" ff="Times New Roman" fs="11.">fax: 510-545-4226</formatting></line></par>
</text>
</block>
<block blockType="Text" l="1144" t="173" r="1455" b="501"><region><rect l="1144" t="173" r="1455" b="501"/></region>
<text>
<par align="Justified" lineSpacing="1560">
<line baseline="421" l="1152" t="178" r="1429" b="211"><formatting lang="EnglishUnitedStates" ff="Arial" fs="14.">FILED BY FAX</formatting></line></par>
<par align="Center" leftIndent="900" lineSpacing="1722">
<line baseline="490" l="1170" t="224" r="1400" b="245"><formatting lang="EnglishUnitedStates" ff="Arial" fs="8.5">ALAMEDA COUNTY</formatting></line>
<line baseline="591" l="1191" t="275" r="1363" b="300"><formatting lang="EnglishUnitedStates" ff="Arial" fs="8.5">March 15, 2018</formatting></line>
<line baseline="692" l="1230" t="325" r="1353" b="346"><formatting lang="EnglishUnitedStates" ff="Arial" fs="8.5">CLERK OF</formatting></line></par>
<par align="Justified" rightIndent="900" lineSpacing="965">
<line baseline="748" l="1149" t="353" r="1429" b="374"><formatting lang="EnglishUnitedStates" ff="Arial" fs="8.5">THE SUPERIOR COURT</formatting></line>
<line baseline="804" l="1151" t="382" r="1451" b="408"><formatting lang="EnglishUnitedStates" ff="Arial" fs="8.5">By Dajuana Turner, Deputy</formatting></line></par>
<par align="Justified" lineSpacing="950">
<line baseline="905" l="1150" t="432" r="1338" b="453"><formatting lang="EnglishUnitedStates" ff="Arial" fs="8.5">CASE NUMBER:</formatting></line></par>
<par leftIndent="1800" lineSpacing="1560">
<line baseline="994" l="1202" t="464" r="1444" b="497"><formatting lang="EnglishUnitedStates" ff="Arial" fs="14.">RG18897005</formatting></line></par>
</text>
</block>
<block blockType="Text" l="230" t="677" r="270" b="2247"><region><rect l="230" t="677" r="270" b="2247"/></region>
<text>
<par leftIndent="700" lineSpacing="2515">
<line baseline="1412" l="252" t="682" r="265" b="706"><formatting lang="EnglishUnitedStates" ff="Times New Roman" fs="11." spacing="30">7</formatting></line></par>
<par leftIndent="700" lineSpacing="2515">
<line baseline="1559" l="252" t="754" r="265" b="780"><formatting lang="EnglishUnitedStates" ff="Times New Roman" fs="12." scaling="900">8</formatting></line></par>
<par leftIndent="700" lineSpacing="2515">
<line baseline="1706" l="251" t="827" r="266" b="853"><formatting lang="EnglishUnitedStates" ff="Times New Roman" fs="11.">9</formatting></line></par>
<par align="Justified" lineSpacing="2515">
<line baseline="1852" l="238" t="900" r="266" b="926"><formatting lang="EnglishUnitedStates" ff="Times New Roman" fs="12.">10</formatting></line>
<line baseline="1998" l="238" t="974" r="262" b="999"><formatting lang="EnglishUnitedStates" ff="Times New Roman" fs="12." scaling="700" spacing="30">11</formatting></line>
<line baseline="2144" l="238" t="1046" r="265" b="1072"><formatting lang="EnglishUnitedStates" ff="Times New Roman" fs="13." scaling="800">12</formatting></line></par>
<par align="Justified" lineSpacing="2515">
<line baseline="2292" l="238" t="1119" r="265" b="1146"><formatting lang="EnglishUnitedStates" ff="Times New Roman" fs="11.">13</formatting></line></par>
<par align="Justified" lineSpacing="2515">
<line baseline="2436" l="238" t="1193" r="266" b="1218"><formatting lang="EnglishUnitedStates" ff="Times New Roman" fs="11.">14</formatting></line></par>
<par align="Justified" lineSpacing="2515">
<line baseline="2584" l="238" t="1266" r="265" b="1292"><formatting lang="EnglishUnitedStates" ff="Times New Roman" fs="11.">15</formatting></line></par>
<par align="Justified" lineSpacing="2515">
<line baseline="2729" l="238" t="1339" r="266" b="1365"><formatting lang="EnglishUnitedStates" ff="Times New Roman" fs="11.">16</formatting></line></par>
<par align="Justified" lineSpacing="2515">
<line baseline="2875" l="238" t="1412" r="266" b="1438"><formatting lang="EnglishUnitedStates" ff="Times New Roman" fs="11.">17</formatting></line></par>
<par align="Justified" lineSpacing="2515">
<line baseline="3022" l="239" t="1485" r="265" b="1511"><formatting lang="EnglishUnitedStates" ff="Times New Roman" fs="11.">18</formatting></line></par>
<par align="Justified" lineSpacing="2515">
<line baseline="3170" l="238" t="1558" r="266" b="1585"><formatting lang="EnglishUnitedStates" ff="Times New Roman" fs="11.">19</formatting></line></par>
<par align="Justified" lineSpacing="2515">
<line baseline="3316" l="234" t="1631" r="266" b="1658"><formatting lang="EnglishUnitedStates" ff="Times New Roman" fs="13.">20</formatting></line>
<line baseline="3460" l="234" t="1704" r="262" b="1730"><formatting lang="EnglishUnitedStates" ff="Times New Roman" fs="12." scaling="800">21</formatting></line>
<line baseline="3608" l="234" t="1778" r="265" b="1804"><formatting lang="EnglishUnitedStates" ff="Times New Roman" fs="13." scaling="900">22</formatting></line></par>
<par align="Justified" lineSpacing="2515">
<line baseline="3753" l="234" t="1851" r="264" b="1877"><formatting lang="EnglishUnitedStates" ff="Times New Roman" fs="11.">23</formatting></line></par>
<par align="Justified" lineSpacing="2515">
<line baseline="3900" l="234" t="1924" r="266" b="1950"><formatting lang="EnglishUnitedStates" ff="Times New Roman" fs="11.">24</formatting></line></par>
<par align="Justified" lineSpacing="2515">
<line baseline="4046" l="234" t="1997" r="265" b="2023"><formatting lang="EnglishUnitedStates" ff="Times New Roman" fs="11.">25</formatting></line></par>
<par align="Justified" lineSpacing="2515">
<line baseline="4194" l="235" t="2070" r="266" b="2097"><formatting lang="EnglishUnitedStates" ff="Times New Roman" fs="11.">26</formatting></line></par>
<par align="Justified" lineSpacing="2515">
<line baseline="4338" l="234" t="2143" r="265" b="2169"><formatting lang="EnglishUnitedStates" ff="Times New Roman" fs="11.">27</formatting></line></par>
<par align="Justified" lineSpacing="2515">
<line baseline="4485" l="234" t="2217" r="265" b="2243"><formatting lang="EnglishUnitedStates" ff="Times New Roman" fs="11.">28</formatting></line></par>
</text>
</block>
<block blockType="Text" l="312" t="791" r="1597" b="2240"><region><rect l="312" t="791" r="1597" b="2240"/></region>
<text>
<par align="Center" lineSpacing="2515">
<line baseline="1644" l="675" t="796" r="1237" b="823"><formatting lang="EnglishUnitedStates" ff="Times New Roman" fs="11." bold="1">SUPERIOR COURT OF CALIFORNIA</formatting></line>
<line baseline="1790" l="633" t="869" r="1277" b="896"><formatting lang="EnglishUnitedStates" ff="Times New Roman" fs="11." bold="1">IN AND FOR THE COUNTY OF ALAMEDA</formatting></line></par>
<par align="Justified" leftIndent="700" lineSpacing="1220">
<line baseline="2093" l="333" t="1009" r="1013" b="1061"><formatting lang="EnglishUnitedStates" ff="Times New Roman" fs="11.">KUSUMA AMBELGAR,    |    No.</formatting></line></par>
<par leftIndent="20800" lineSpacing="1340">
<line baseline="2176" l="916" t="1062" r="919" b="1088"><formatting lang="EnglishUnitedStates" ff="Arial" fs="12.">I</formatting></line></par>
<par align="Justified" leftIndent="9100" lineSpacing="1220">
<line baseline="2238" l="576" t="1089" r="1419" b="1142"><formatting lang="EnglishUnitedStates" ff="Times New Roman" fs="11.">Plaintiff,    j    </formatting><formatting lang="EnglishUnitedStates" ff="Times New Roman" fs="11." bold="1">COMPLAINT FOR DAMAGES</formatting></line></par>
<par align="Justified" leftIndent="4100" lineSpacing="1220">
<line baseline="2384" l="430" t="1158" r="918" b="1195"><formatting lang="EnglishUnitedStates" ff="Times New Roman" fs="11.">v.    !</formatting></line></par>
<par align="Justified" leftIndent="700" lineSpacing="1257">
<line baseline="2530" l="332" t="1224" r="918" b="1271"><formatting lang="EnglishUnitedStates" ff="Times New Roman" fs="11.">THIRUMALLAILLC, d/b/a    i</formatting></line></par>
<par align="Justified" leftIndent="700" lineSpacing="1257">
<line baseline="2604" l="332" t="1266" r="918" b="1311"><formatting lang="EnglishUnitedStates" ff="Times New Roman" fs="11.">COMMODORE MOTEL, DOES 1-IO,    j</formatting></line></par>
<par align="Justified" leftIndent="700" lineSpacing="1257">
<line baseline="2678" l="333" t="1312" r="918" b="1350"><formatting lang="EnglishUnitedStates" ff="Times New Roman" fs="11.">inclusive.,    j</formatting></line></par>
<par align="Justified" leftIndent="9100" lineSpacing="1220">
<line baseline="2821" l="576" t="1375" r="918" b="1422"><formatting lang="EnglishUnitedStates" ff="Times New Roman" fs="11.">Defendants.    j</formatting></line></par>
<par startIndent="3500" lineSpacing="2532">
<line baseline="3104" l="414" t="1525" r="1550" b="1561"><formatting lang="EnglishUnitedStates" ff="Times New Roman" fs="11.">Plaintiff Kusuma Ambelgar (“Plaintiff**) alleges claims against Defendant Thimmallai.,</formatting></line>
<line baseline="3251" l="316" t="1599" r="1312" b="1634"><formatting lang="EnglishUnitedStates" ff="Times New Roman" fs="11.">LLC, d/b/a Commodore (“Commodre”) and DOES 1 through 10 as follows:</formatting></line></par>
<par align="Center" lineSpacing="1220">
<line baseline="3471" l="888" t="1709" r="1025" b="1736"><formatting lang="EnglishUnitedStates" ff="Times New Roman" fs="11." bold="1">PARTIES</formatting></line></par>
<par lineSpacing="2894">
<line baseline="3613" l="320" t="1780" r="1558" b="1816"><formatting lang="EnglishUnitedStates" ff="Times New Roman" fs="11.">1.    Plaintiff Kusuma Ambelgar is an individual with her principal place of residence in Oakland,</formatting></line>
<line baseline="3783" l="316" t="1865" r="1488" b="1900"><formatting lang="EnglishUnitedStates" ff="Times New Roman" fs="11.">California, and was employed by Defendants within three years of the filing of this action.</formatting></line></par>
<par align="Justified" lineSpacing="2894">
<line baseline="3950" l="316" t="1948" r="1589" b="1983"><formatting lang="EnglishUnitedStates" ff="Times New Roman" fs="11.">2.    Plaintiff is informed and believes, and thereon alleges that. Defendant THIRUMALLAI LLC is</formatting></line>
<line baseline="4119" l="317" t="2033" r="1593" b="2068"><formatting lang="EnglishUnitedStates" ff="Times New Roman" fs="11.">a California limited liability corporation, which owns and operates a property management</formatting></line>
<line baseline="4286" l="316" t="2116" r="1592" b="2151"><formatting lang="EnglishUnitedStates" ff="Times New Roman" fs="11.">business. Plaintiff is informed and believes, and thereon alleges that, Defendant THIRUMALLAI</formatting></line>
<line baseline="4456" l="317" t="2202" r="1320" b="2236"><formatting lang="EnglishUnitedStates" ff="Times New Roman" fs="11.">LLC owns and/or manages various residential properties in Alameda County.</formatting></line></par>
</text>
</block>
<block blockType="Text" l="961" t="2270" r="976" b="2303"><region><rect l="961" t="2270" r="976" b="2303"/></region>
<text>
<par lineSpacing="1330">
<line baseline="4598" l="965" t="2275" r="972" b="2299"><formatting lang="EnglishUnitedStates" ff="Times New Roman" fs="12.">1</formatting></line></par>
</text>
</block>
<block blockType="Separator" l="314" t="1454" r="918" b="1456"><region><rect l="314" t="1454" r="918" b="1456"/></region>
<separator type="Black" thickness="2"><start x="628" y="2910"/><end x="1836" y="2910"/>
</separator>
</block>
<block blockType="Separator" l="286" t="102" r="289" b="2369"><region><rect l="286" t="102" r="289" b="2369"/></region>
<separator type="Black" thickness="3"><start x="575" y="204"/><end x="575" y="4738"/>
</separator>
</block>
<block blockType="Separator" l="290" t="101" r="293" b="2369"><region><rect l="290" t="101" r="293" b="2369"/></region>
<separator type="Black" thickness="3"><start x="583" y="202"/><end x="583" y="4738"/>
</separator>
</block>
<block blockType="Separator" l="1606" t="101" r="1609" b="2369"><region><rect l="1606" t="101" r="1609" b="2369"/></region>
<separator type="Black" thickness="3"><start x="3215" y="202"/><end x="3215" y="4738"/>
</separator>
</block>
<block blockType="Separator" l="315" t="1453" r="909" b="1457"><region><rect l="315" t="1453" r="909" b="1457"/></region>
<separator type="Dotted" thickness="3"><start x="630" y="2910"/><end x="1818" y="2910"/>
</separator>
</block>
<block blockType="Separator" l="285" t="347" r="286" b="564"><region><rect l="285" t="347" r="286" b="564"/></region>
<separator type="Dotted" thickness="1"><start x="571" y="694"/><end x="571" y="1128"/>
</separator>
</block>
<block blockType="Separator" l="285" t="913" r="286" b="1049"><region><rect l="285" t="913" r="286" b="1049"/></region>
<separator type="Dotted" thickness="1"><start x="571" y="1826"/><end x="571" y="2098"/>
</separator>
</block>
<block blockType="Separator" l="285" t="1290" r="286" b="1662"><region><rect l="285" t="1290" r="286" b="1662"/></region>
<separator type="Dotted" thickness="1"><start x="571" y="2580"/><end x="571" y="3324"/>
</separator>
</block>
<block blockType="Separator" l="1605" t="758" r="1606" b="823"><region><rect l="1605" t="758" r="1606" b="823"/></region>
<separator type="Dotted" thickness="1"><start x="3211" y="1516"/><end x="3211" y="1646"/>
</separator>
</block>
</page>
</document>